{
  "timestamp": "2026-01-04T16:36:36.682045",
  "benchmark_performance": {
    "cagr": 0.17651137094913844,
    "volatility": 0.1808121411259721,
    "sharpe": 0.003873865680971433
  },
  "best_combination": {
    "strategies": [
      "trend_following",
      "momentum",
      "adaptive"
    ],
    "performance": {
      "cagr": 0.1187506080881624,
      "volatility": 0.12267112875161583,
      "sharpe": 0.9680403962745653,
      "max_dd": -0.2643408176784774,
      "total_return": 4.344612046841012
    }
  },
  "correlation_analysis": {
    "high_correlation_pairs": [
      [
        "CSSPX.MI",
        "XS2L.MI",
        0.7529682659708304
      ]
    ],
    "correlation_matrix": {
      "CSSPX.MI": {
        "CSSPX.MI": 1.0,
        "XS2L.MI": 0.7529682659708304,
        "^GSPC": 0.4589179080788559
      },
      "XS2L.MI": {
        "CSSPX.MI": 0.7529682659708304,
        "XS2L.MI": 1.0,
        "^GSPC": 0.4132609834186904
      },
      "^GSPC": {
        "CSSPX.MI": 0.4589179080788559,
        "XS2L.MI": 0.4132609834186904,
        "^GSPC": 1.0
      }
    }
  },
  "seasonal_analysis": {
    "CSSPX.MI": {
      "best_month": 