{
  "timestamp": "2026-01-04T17:22:02.349101",
  "benchmark_performance": {
    "cagr": 0.17651003666613374,
    "volatility": 0.180790263097406,
    "sharpe": 0.0038743051834581274
  },
  "best_combination": {
    "strategies": [
      "trend_following",
      "momentum",
      "adaptive"
    ],
    "performance": {
      "cagr": 0.11780949657456463,
      "volatility": 0.12220179196404568,
      "sharpe": 0.9640570296156267,
      "max_dd": -0.2643408176784774,
      "total_return": 4.277978800735069
    }
  },
  "correlation_analysis": {
    "high_correlation_pairs": [
      [
        "CSSPX.MI",
        "XS2L.MI",
        0.7529682659708304
      ]
    ],
    "correlation_matrix": {
      "CSSPX.MI": {
        "CSSPX.MI": 1.0,
        "XS2L.MI": 0.7529682659708304,
        "^GSPC": 0.458594702840966
      },
      "XS2L.MI": {
        "CSSPX.MI": 0.7529682659708304,
        "XS2L.MI": 1.0,
        "^GSPC": 0.41292041534015644
      },
      "^GSPC": {
        "CSSPX.MI": 0.458594702840966,
        "XS2L.MI": 0.41292041534015644,
        "^GSPC": 1.0
      }
    }
  },
  "seasonal_analysis": {
    "CSSPX.MI": {
      "best_month": "11",
      "worst_month": "8",
      "best_month_return": 0.001666349273527673,
      "worst_month_return": -8.387611076806111e-05,
      "monthly_volatility": 0.0005501090719711372
    },
    "XS2L.MI": {
      "best_month": "7",
      "worst_month": "8",
      "best_month_return": 0.004152361579269348,
      "worst_month_return": -0.000833057740660994,
      "monthly_volatility": 0.0014251779537403553
    },
    "^GSPC": {
      "best_month": "11",
      "worst_month": "9",
      "best_month_return": 0.001421794784969852,
      "worst_month_return": -0.0003245972036270799,
      "monthly_volatility": 0.0005226926397923279
    }
  },
  "volatility_regime": {
    "current_volatility": 0.08987236120359567,
    "average_volatility": 0.1955489187958535,
    "regime": "LOW_VOL",
    "volatility_percentile": -54.040982810332295
  },
  "strategy_weights": {
    "trend_following": 0.3333333333333333,
    "momentum": 0.3333333333333333,
    "adaptive": 0.3333333333333333
  }
}