{
  "timestamp": "2026-01-04T16:37:35.233760",
  "benchmark_performance": {
    "cagr": 0.17651137094913844,
    "volatility": 0.1808121411259721,
    "sharpe": 0.003873865680971433
  },
  "best_combination": {
    "strategies": [
      "trend_following",
      "momentum",
      "adaptive"
    ],
    "performance": {
      "cagr": 0.1187506080881624,
      "volatility": 0.12267112875161583,
      "sharpe": 0.9680403962745653,
      "max_dd": -0.2643408176784774,
      "total_return": 4.344612046841012
    }
  },
  "correlation_analysis": {
    "high_correlation_pairs": [
      [
        "CSSPX.MI",
        "XS2L.MI",
        0.7529682659708304
      ]
    ],
    "correlation_matrix": {
      "CSSPX.MI": {
        "CSSPX.MI": 1.0,
        "XS2L.MI": 0.7529682659708304,
        "^GSPC": 0.4589179080788559
      },
      "XS2L.MI": {
        "CSSPX.MI": 0.7529682659708304,
        "XS2L.MI": 1.0,
        "^GSPC": 0.4132609834186904
      },
      "^GSPC": {
        "CSSPX.MI": 0.4589179080788559,
        "XS2L.MI": 0.4132609834186904,
        "^GSPC": 1.0
      }
    }
  },
  "seasonal_analysis": {
    "CSSPX.MI": {
      "best_month": "11",
      "worst_month": "8",
      "best_month_return": 0.001666349273527673,
      "worst_month_return": -8.387611076806111e-05,
      "monthly_volatility": 0.0005500745698239499
    },
    "XS2L.MI": {
      "best_month": "7",
      "worst_month": "8",
      "best_month_return": 0.004275005170218232,
      "worst_month_return": -0.000833057740660994,
      "monthly_volatility": 0.001456857890838514
    },
    "^GSPC": {
      "best_month": "11",
      "worst_month": "9",
      "best_month_return": 0.001421794784969852,
      "worst_month_return": -0.0003245972036270799,
      "monthly_volatility": 0.0005226802323164508
    }
  },
  "volatility_regime": {
    "current_volatility": 0.08987236120359567,
    "average_volatility": 0.1957566782443263,
    "regime": "LOW_VOL",
    "volatility_percentile": -54.08975979280519
  },
  "strategy_weights": {
    "trend_following": 0.3333333333333333,
    "momentum": 0.3333333333333333,
    "adaptive": 0.3333333333333333
  }
}