{
  "timestamp": "2026-01-04T17:28:24.469078",
  "n_simulations": 1000,
  "cagr_stats": {
    "mean": 0.04651026408580693,
    "std": 1.630412692063282e-16,
    "min": 0.046510264085806385,
    "max": 0.046510264085807496,
    "p5": 0.04651026408580661,
    "p95": 0.046510264085807274
  },
  "max_dd_stats": {
    "mean": 0.0,
    "std": 0.0,
    "min": 0.0,
    "max": 0.0,
    "p5": 0.0,
    "p95": 0.0
  },
  "risk_assessment": {
    "max_dd_5th_pct": 0.0,
    "sharpe_mean": 285266818102037.3,
    "risk_level": "HIGH"
  }
}