{
  "timestamp": "2026-01-04T16:43:04.058208",
  "n_simulations": 1000,
  "cagr_stats": {
    "mean": 0.0467188882567905,
    "std": 1.6576957993704984e-16,
    "min": 0.04671888825679016,
    "max": 0.04671888825679105,
    "p5": 0.04671888825679016,
    "p95": 0.046718888256790825
  },
  "max_dd_stats": {
    "mean": 0.0,
    "std": 0.0,
    "min": 0.0,
    "max": 0.0,
    "p5": 0.0,
    "p95": 0.0
  },
  "risk_assessment": {
    "max_dd_5th_pct": 0.0,
    "sharpe_mean": 281830286802510.8,
    "risk_level": "HIGH"
  }
}