{
  "timestamp": "2026-01-04T19:15:41.017317",
  "n_simulations": 1000,
  "cagr_stats": {
    "mean": 0.09806784248736868,
    "std": 2.858069668312207e-16,
    "min": 0.09806784248736777,
    "max": 0.09806784248736977,
    "p5": 0.09806784248736822,
    "p95": 0.0980678424873691
  },
  "max_dd_stats": {
    "mean": -0.4547594058492558,
    "std": 0.08359534127376728,
    "min": -0.7679241165410431,
    "max": -0.26346013278174774,
    "p5": -0.6002989968115084,
    "p95": -0.33007908950256026
  },
  "risk_assessment": {
    "max_dd_5th_pct": -0.6002989968115084,
    "sharpe_mean": 5446958673770617.0,
    "risk_level": "ACCEPTABLE"
  }
}