{
  "timestamp": "2026-01-04T19:16:30.691428",
  "n_simulations": 1000,
  "cagr_stats": {
    "mean": 0.09806784248736866,
    "std": 2.8148040281365126e-16,
    "min": 0.09806784248736777,
    "max": 0.09806784248736933,
    "p5": 0.09806784248736822,
    "p95": 0.0980678424873691
  },
  "max_dd_stats": {
    "mean": -0.45653770766318363,
    "std": 0.08607062068432578,
    "min": -0.7256089956530452,
    "max": -0.2583095576538481,
    "p5": -0.6196296106261234,
    "p95": -0.3343817255132733
  },
  "risk_assessment": {
    "max_dd_5th_pct": -0.6196296106261234,
    "sharpe_mean": 348400249207731.2,
    "risk_level": "ACCEPTABLE"
  }
}