{
  "timestamp": "2026-01-04T19:15:21.546407",
  "n_simulations": 1000,
  "cagr_stats": {
    "mean": 0.19794769916745053,
    "std": 2.365582813264324e-16,
    "min": 0.1979476991674498,
    "max": 0.19794769916745136,
    "p5": 0.19794769916745025,
    "p95": 0.19794769916745092
  },
  "max_dd_stats": {
    "mean": -0.3807969878720414,
    "std": 0.07367483836522726,
    "min": -0.6566719631012607,
    "max": -0.21191647586896345,
    "p5": -0.5195005365724263,
    "p95": -0.2793614739819287
  },
  "risk_assessment": {
    "max_dd_5th_pct": -0.5195005365724263,
    "sharpe_mean": 1.3283501596085928e+16,
    "risk_level": "ACCEPTABLE"
  }
}