{
  "timestamp": "2026-01-04T19:16:45.849436",
  "n_simulations": 1000,
  "cagr_stats": {
    "mean": 0.10333757530221185,
    "std": 0.09397707963792083,
    "min": -0.1670492232318289,
    "max": 0.5298120744577106,
    "p5": -0.03342512010246891,
    "p95": 0.2616071711542129
  },
  "max_dd_stats": {
    "mean": -0.4666580553697772,
    "std": 0.119878242983098,
    "min": -0.8584387713074944,
    "max": -0.21063713926639038,
    "p5": -0.6816187742356662,
    "p95": -0.2966078103579848
  },
  "risk_assessment": {
    "max_dd_5th_pct": -0.6816187742356662,
    "sharpe_mean": 1.0996040279220802,
    "risk_level": "ACCEPTABLE"
  }
}