{
  "timestamp": "2026-01-04T19:16:03.029029",
  "n_simulations": 1000,
  "cagr_stats": {
    "mean": 0.09806784248736868,
    "std": 2.8387048035524485e-16,
    "min": 0.09806784248736777,
    "max": 0.09806784248736955,
    "p5": 0.09806784248736822,
    "p95": 0.0980678424873691
  },
  "max_dd_stats": {
    "mean": -0.45610837610608823,
    "std": 0.08167127459372879,
    "min": -0.763057778070609,
    "max": -0.26619088270643754,
    "p5": -0.594552900234344,
    "p95": -0.3308536943287883
  },
  "risk_assessment": {
    "max_dd_5th_pct": -0.594552900234344,
    "sharpe_mean": 345466856450319.7,
    "risk_level": "ACCEPTABLE"
  }
}